disease,method,seed,fold,npos,auroc,auprc
fibromyalgia,meta_abs_z,0,0,193,0.5359399218276164,0.01886511212968659
fibromyalgia,rwr,0,0,193,0.8963289305209247,0.12992156012646175
fibromyalgia,logreg,0,0,193,0.7606223465193072,0.033110004448040825
fibromyalgia,mlp,0,0,193,0.7743530561358583,0.03943542123251529
fibromyalgia,gcn,0,0,193,0.8498214165375025,0.050387682515115356
fibromyalgia,sage,0,0,193,0.8338078711503472,0.04311686387538531
fibromyalgia,sage_rwr,0,0,193,0.8909461554013074,0.15250534323486553
fibromyalgia,meta_abs_z,0,1,193,0.4826843025690287,0.013126324569867762
fibromyalgia,rwr,0,1,193,0.840759624621296,0.14243839236764277
fibromyalgia,logreg,0,1,193,0.6904193042521574,0.025247396307372483
fibromyalgia,mlp,0,1,193,0.6719623636050149,0.032773341622508105
fibromyalgia,gcn,0,1,193,0.7954875735855563,0.09697734180589568
fibromyalgia,sage,0,1,193,0.7748302503345731,0.051047762955649854
fibromyalgia,sage_rwr,0,1,193,0.8338218511129174,0.13411272235797886
fibromyalgia,meta_abs_z,0,2,193,0.4854306756324047,0.01822606851258962
fibromyalgia,rwr,0,2,193,0.8775339294071283,0.12454019694393555
fibromyalgia,logreg,0,2,193,0.7233183083327175,0.06629170257532697
fibromyalgia,mlp,0,2,193,0.6990648373933677,0.043996596058328646
fibromyalgia,gcn,0,2,193,0.7904135569841622,0.10178890411315757
fibromyalgia,sage,0,2,193,0.7696166572247265,0.04808469689069909
fibromyalgia,sage_rwr,0,2,193,0.874611033112474,0.11973393724280637
fibromyalgia,meta_abs_z,0,3,193,0.6071249702373622,0.04272899906031392
fibromyalgia,rwr,0,3,193,0.8270236541129914,0.08359913023848904
fibromyalgia,logreg,0,3,193,0.7140118393720698,0.03837922676542811
fibromyalgia,mlp,0,3,193,0.7039541203806334,0.03263513520324279
fibromyalgia,gcn,0,3,193,0.7685985697513076,0.04404727894023089
fibromyalgia,sage,0,3,193,0.7994203469707792,0.05029239531151103
fibromyalgia,sage_rwr,0,3,193,0.8241500201154379,0.08330867573849378
fibromyalgia,meta_abs_z,0,4,193,0.541361208015235,0.04842411391941838
fibromyalgia,rwr,0,4,193,0.8054502249860964,0.14211665234840065
fibromyalgia,logreg,0,4,193,0.6418760638387515,0.02520271661401726
fibromyalgia,mlp,0,4,193,0.6170349023374959,0.01973657316825456
fibromyalgia,gcn,0,4,193,0.7443332153630955,0.07549245403325003
fibromyalgia,sage,0,4,193,0.7373898242243457,0.05085896647690088
fibromyalgia,sage_rwr,0,4,193,0.8035037160624904,0.1130947947674075
fibromyalgia,meta_abs_z,1,0,193,0.5212278455421524,0.015921828135252003
fibromyalgia,rwr,1,0,193,0.8640238560549902,0.1284119904108687
fibromyalgia,logreg,1,0,193,0.707910741963744,0.03553659259975348
fibromyalgia,mlp,1,0,193,0.7008853359390795,0.028078920867867334
fibromyalgia,gcn,1,0,193,0.7577077296313768,0.06344597034317065
fibromyalgia,sage,1,0,193,0.780081204932947,0.053500138172905894
fibromyalgia,sage_rwr,1,0,193,0.8503942314172114,0.08763167873218447
fibromyalgia,meta_abs_z,1,1,193,0.5523411906697209,0.01564307229091945
fibromyalgia,rwr,1,1,193,0.8347414139921345,0.09682450939049493
fibromyalgia,logreg,1,1,193,0.6753450413392775,0.02071811387220719
fibromyalgia,mlp,1,1,193,0.6694746176014188,0.021410313740728243
fibromyalgia,gcn,1,1,193,0.7748220399517229,0.04785963187396378
fibromyalgia,sage,1,1,193,0.7807909882837837,0.0444576372991201
fibromyalgia,sage_rwr,1,1,193,0.8135339950901911,0.08079558553925627
fibromyalgia,meta_abs_z,1,2,193,0.4694902173288341,0.013848001761910759
fibromyalgia,rwr,1,2,193,0.8894225637741489,0.1967248754861319
fibromyalgia,logreg,1,2,193,0.7434953241869668,0.03781120023457857
fibromyalgia,mlp,1,2,193,0.75553174544529,0.03474762845549879
fibromyalgia,gcn,1,2,193,0.8099460577846744,0.07451595015655307
fibromyalgia,sage,1,2,193,0.8358087637626543,0.06599440418751779
fibromyalgia,sage_rwr,1,2,193,0.8688883962659179,0.13851039409265517
fibromyalgia,meta_abs_z,1,3,193,0.54663086939744,0.06832594361221389
fibromyalgia,rwr,1,3,193,0.820972601952429,0.11457782907418024
fibromyalgia,logreg,1,3,193,0.6948857525226402,0.10211565631341521
fibromyalgia,mlp,1,3,193,0.6960598372702119,0.04569457514964891
fibromyalgia,gcn,1,3,193,0.8060625466965524,0.07068722401726459
fibromyalgia,sage,1,3,193,0.7776546220350257,0.06154184483034473
fibromyalgia,sage_rwr,1,3,193,0.8287888864257741,0.11506128499919714
fibromyalgia,meta_abs_z,1,4,193,0.5619006690597772,0.022986579562225475
fibromyalgia,rwr,1,4,193,0.8461331041340141,0.10060197508366434
fibromyalgia,logreg,1,4,193,0.7254874698754572,0.022533824215391976
fibromyalgia,mlp,1,4,193,0.6984554325294504,0.022444704614446878
fibromyalgia,gcn,1,4,193,0.8063265753239969,0.06141526312009111
fibromyalgia,sage,1,4,193,0.7950941233968688,0.09144624667611759
fibromyalgia,sage_rwr,1,4,193,0.812621130154878,0.07304963467053532
