gsm,label
GSM1644447,control
GSM1644448,control
GSM1644449,control
GSM1644450,control
GSM1644451,control
GSM1644452,control
GSM1644453,control
GSM1644454,control
GSM1644455,control
GSM1644456,control
GSM1644457,control
GSM1644458,control
GSM1644459,control
GSM1644460,control
GSM1644461,control
GSM1644462,control
GSM1644463,control
GSM1644464,control
GSM1644465,control
GSM1644466,control
GSM1644467,control
GSM1644468,control
GSM1644469,control
GSM1644470,control
GSM1644471,control
GSM1644472,control
GSM1644473,control
GSM1644474,control
GSM1644475,control
GSM1644476,control
GSM1644477,control
GSM1644478,control
GSM1644479,control
GSM1644480,control
GSM1644481,control
GSM1644482,control
GSM1644483,control
GSM1644484,control
GSM1644485,control
GSM1644486,control
GSM1644487,control
GSM1644488,control
GSM1644489,control
GSM1644490,control
GSM1644491,control
GSM1644492,control
GSM1644493,control
GSM1644494,control
GSM1644495,control
GSM1644496,control
GSM1644497,control
GSM1644498,control
GSM1644499,control
GSM1644500,control
GSM1644501,control
GSM1644502,control
GSM1644503,control
GSM1644504,control
GSM1644505,control
GSM1644506,control
GSM1644507,control
GSM1644508,control
GSM1644509,control
GSM1644510,control
GSM1644511,control
GSM1644512,control
GSM1644513,control
GSM1644514,control
GSM1644515,control
GSM1644516,control
GSM1644517,control
GSM1644518,control
GSM1644519,control
GSM1644520,control
GSM1644521,control
GSM1644522,case
GSM1644523,case
GSM1644524,case
GSM1644525,case
GSM1644526,case
GSM1644527,case
GSM1644528,case
GSM1644529,case
GSM1644530,case
GSM1644531,case
GSM1644532,case
GSM1644533,case
GSM1644534,case
GSM1644535,case
GSM1644536,case
GSM1644537,case
GSM1644538,case
GSM1644539,case
GSM1644540,case
GSM1644541,case
GSM1644542,case
GSM1644543,case
GSM1644544,case
GSM1644545,case
GSM1644546,case
GSM1644547,case
GSM1644548,case
GSM1644549,case
GSM1644550,case
GSM1644551,case
GSM1644552,case
GSM1644553,case
GSM1644554,case
GSM1644555,case
GSM1644556,case
GSM1644557,case
GSM1644558,case
GSM1644559,case
GSM1644560,case
GSM1644561,case
GSM1644562,case
GSM1644563,case
GSM1644564,case
GSM1644565,case
GSM1644566,case
GSM1644567,case
GSM1644568,case
GSM1644569,case
GSM1644570,case
GSM1644571,case
GSM1644572,case
GSM1644573,case
GSM1644574,case
GSM1644575,case
GSM1644576,case
GSM1644577,case
GSM1644578,case
GSM1644579,case
GSM1644580,case
GSM1644581,case
GSM1644582,case
GSM1644583,case
GSM1644584,case
GSM1644585,case
GSM1644586,case
GSM1644587,case
GSM1644588,case
