accession,source,role
GSE221921,GEO series supplementary expression files,"fibromyalgia:P16 exploratory independent deposit, 189 GSM nested in this GSE; transcriptomic signatures already published"
GSE67311,GEO series,fibromyalgia:discovery
GSM6909756,GEO GSM per-sample expression record,"fibromyalgia:P16 fetched and used individual processed expression, 189 samples nested in GSE221921"
GSM6909757,GEO GSM per-sample expression record,"fibromyalgia:P16 fetched and used individual processed expression, 189 samples nested in GSE221921"
GSM6909758,GEO GSM per-sample expression record,"fibromyalgia:P16 fetched and used individual processed expression, 189 samples nested in GSE221921"
GSM6909759,GEO GSM per-sample expression record,"fibromyalgia:P16 fetched and used individual processed expression, 189 samples nested in GSE221921"
GSM6909760,GEO GSM per-sample expression record,"fibromyalgia:P16 fetched and used individual processed expression, 189 samples nested in GSE221921"
GSM6909761,GEO GSM per-sample expression record,"fibromyalgia:P16 fetched and used individual processed expression, 189 samples nested in GSE221921"
GSM6909762,GEO GSM per-sample expression record,"fibromyalgia:P16 fetched and used individual processed expression, 189 samples nested in GSE221921"
GSM6909763,GEO GSM per-sample expression record,"fibromyalgia:P16 fetched and used individual processed expression, 189 samples nested in GSE221921"
GSM6909764,GEO GSM per-sample expression record,"fibromyalgia:P16 fetched and used individual processed expression, 189 samples nested in GSE221921"
GSM6909765,GEO GSM per-sample expression record,"fibromyalgia:P16 fetched and used individual processed expression, 189 samples nested in GSE221921"
GSM6909766,GEO GSM per-sample expression record,"fibromyalgia:P16 fetched and used individual processed expression, 189 samples nested in GSE221921"
GSM6909767,GEO GSM per-sample expression record,"fibromyalgia:P16 fetched and used individual processed expression, 189 samples nested in GSE221921"
GSM6909768,GEO GSM per-sample expression record,"fibromyalgia:P16 fetched and used individual processed expression, 189 samples nested in GSE221921"
GSM6909769,GEO GSM per-sample expression record,"fibromyalgia:P16 fetched and used individual processed expression, 189 samples nested in GSE221921"
GSM6909770,GEO GSM per-sample expression record,"fibromyalgia:P16 fetched and used individual processed expression, 189 samples nested in GSE221921"
GSM6909771,GEO GSM per-sample expression record,"fibromyalgia:P16 fetched and used individual processed expression, 189 samples nested in GSE221921"
GSM6909772,GEO GSM per-sample expression record,"fibromyalgia:P16 fetched and used individual processed expression, 189 samples nested in GSE221921"
GSM6909773,GEO GSM per-sample expression record,"fibromyalgia:P16 fetched and used individual processed expression, 189 samples nested in GSE221921"
GSM6909774,GEO GSM per-sample expression record,"fibromyalgia:P16 fetched and used individual processed expression, 189 samples nested in GSE221921"
GSM6909775,GEO GSM per-sample expression record,"fibromyalgia:P16 fetched and used individual processed expression, 189 samples nested in GSE221921"
GSM6909776,GEO GSM per-sample expression record,"fibromyalgia:P16 fetched and used individual processed expression, 189 samples nested in GSE221921"
GSM6909777,GEO GSM per-sample expression record,"fibromyalgia:P16 fetched and used individual processed expression, 189 samples nested in GSE221921"
GSM6909778,GEO GSM per-sample expression record,"fibromyalgia:P16 fetched and used individual processed expression, 189 samples nested in GSE221921"
GSM6909779,GEO GSM per-sample expression record,"fibromyalgia:P16 fetched and used individual processed expression, 189 samples nested in GSE221921"
GSM6909780,GEO GSM per-sample expression record,"fibromyalgia:P16 fetched and used individual processed expression, 189 samples nested in GSE221921"
GSM6909781,GEO GSM per-sample expression record,"fibromyalgia:P16 fetched and used individual processed expression, 189 samples nested in GSE221921"
GSM6909782,GEO GSM per-sample expression record,"fibromyalgia:P16 fetched and used individual processed expression, 189 samples nested in GSE221921"
GSM6909783,GEO GSM per-sample expression record,"fibromyalgia:P16 fetched and used individual processed expression, 189 samples nested in GSE221921"
GSM6909784,GEO GSM per-sample expression record,"fibromyalgia:P16 fetched and used individual processed expression, 189 samples nested in GSE221921"
GSM6909785,GEO GSM per-sample expression record,"fibromyalgia:P16 fetched and used individual processed expression, 189 samples nested in GSE221921"
GSM6909786,GEO GSM per-sample expression record,"fibromyalgia:P16 fetched and used individual processed expression, 189 samples nested in GSE221921"
GSM6909787,GEO GSM per-sample expression record,"fibromyalgia:P16 fetched and used individual processed expression, 189 samples nested in GSE221921"
GSM6909788,GEO GSM per-sample expression record,"fibromyalgia:P16 fetched and used individual processed expression, 189 samples nested in GSE221921"
GSM6909789,GEO GSM per-sample expression record,"fibromyalgia:P16 fetched and used individual processed expression, 189 samples nested in GSE221921"
GSM6909790,GEO GSM per-sample expression record,"fibromyalgia:P16 fetched and used individual processed expression, 189 samples nested in GSE221921"
GSM6909791,GEO GSM per-sample expression record,"fibromyalgia:P16 fetched and used individual processed expression, 189 samples nested in GSE221921"
GSM6909792,GEO GSM per-sample expression record,"fibromyalgia:P16 fetched and used individual processed expression, 189 samples nested in GSE221921"
GSM6909793,GEO GSM per-sample expression record,"fibromyalgia:P16 fetched and used individual processed expression, 189 samples nested in GSE221921"
GSM6909794,GEO GSM per-sample expression record,"fibromyalgia:P16 fetched and used individual processed expression, 189 samples nested in GSE221921"
GSM6909795,GEO GSM per-sample expression record,"fibromyalgia:P16 fetched and used individual processed expression, 189 samples nested in GSE221921"
GSM6909796,GEO GSM per-sample expression record,"fibromyalgia:P16 fetched and used individual processed expression, 189 samples nested in GSE221921"
GSM6909797,GEO GSM per-sample expression record,"fibromyalgia:P16 fetched and used individual processed expression, 189 samples nested in GSE221921"
GSM6909798,GEO GSM per-sample expression record,"fibromyalgia:P16 fetched and used individual processed expression, 189 samples nested in GSE221921"
GSM6909799,GEO GSM per-sample expression record,"fibromyalgia:P16 fetched and used individual processed expression, 189 samples nested in GSE221921"
GSM6909800,GEO GSM per-sample expression record,"fibromyalgia:P16 fetched and used individual processed expression, 189 samples nested in GSE221921"
GSM6909801,GEO GSM per-sample expression record,"fibromyalgia:P16 fetched and used individual processed expression, 189 samples nested in GSE221921"
GSM6909802,GEO GSM per-sample expression record,"fibromyalgia:P16 fetched and used individual processed expression, 189 samples nested in GSE221921"
GSM6909803,GEO GSM per-sample expression record,"fibromyalgia:P16 fetched and used individual processed expression, 189 samples nested in GSE221921"
GSM6909804,GEO GSM per-sample expression record,"fibromyalgia:P16 fetched and used individual processed expression, 189 samples nested in GSE221921"
GSM6909805,GEO GSM per-sample expression record,"fibromyalgia:P16 fetched and used individual processed expression, 189 samples nested in GSE221921"
GSM6909806,GEO GSM per-sample expression record,"fibromyalgia:P16 fetched and used individual processed expression, 189 samples nested in GSE221921"
GSM6909807,GEO GSM per-sample expression record,"fibromyalgia:P16 fetched and used individual processed expression, 189 samples nested in GSE221921"
GSM6909808,GEO GSM per-sample expression record,"fibromyalgia:P16 fetched and used individual processed expression, 189 samples nested in GSE221921"
GSM6909809,GEO GSM per-sample expression record,"fibromyalgia:P16 fetched and used individual processed expression, 189 samples nested in GSE221921"
GSM6909810,GEO GSM per-sample expression record,"fibromyalgia:P16 fetched and used individual processed expression, 189 samples nested in GSE221921"
GSM6909811,GEO GSM per-sample expression record,"fibromyalgia:P16 fetched and used individual processed expression, 189 samples nested in GSE221921"
GSM6909812,GEO GSM per-sample expression record,"fibromyalgia:P16 fetched and used individual processed expression, 189 samples nested in GSE221921"
GSM6909813,GEO GSM per-sample expression record,"fibromyalgia:P16 fetched and used individual processed expression, 189 samples nested in GSE221921"
GSM6909814,GEO GSM per-sample expression record,"fibromyalgia:P16 fetched and used individual processed expression, 189 samples nested in GSE221921"
GSM6909815,GEO GSM per-sample expression record,"fibromyalgia:P16 fetched and used individual processed expression, 189 samples nested in GSE221921"
GSM6909816,GEO GSM per-sample expression record,"fibromyalgia:P16 fetched and used individual processed expression, 189 samples nested in GSE221921"
GSM6909817,GEO GSM per-sample expression record,"fibromyalgia:P16 fetched and used individual processed expression, 189 samples nested in GSE221921"
GSM6909818,GEO GSM per-sample expression record,"fibromyalgia:P16 fetched and used individual processed expression, 189 samples nested in GSE221921"
GSM6909819,GEO GSM per-sample expression record,"fibromyalgia:P16 fetched and used individual processed expression, 189 samples nested in GSE221921"
GSM6909820,GEO GSM per-sample expression record,"fibromyalgia:P16 fetched and used individual processed expression, 189 samples nested in GSE221921"
GSM6909821,GEO GSM per-sample expression record,"fibromyalgia:P16 fetched and used individual processed expression, 189 samples nested in GSE221921"
GSM6909822,GEO GSM per-sample expression record,"fibromyalgia:P16 fetched and used individual processed expression, 189 samples nested in GSE221921"
GSM6909823,GEO GSM per-sample expression record,"fibromyalgia:P16 fetched and used individual processed expression, 189 samples nested in GSE221921"
GSM6909824,GEO GSM per-sample expression record,"fibromyalgia:P16 fetched and used individual processed expression, 189 samples nested in GSE221921"
GSM6909825,GEO GSM per-sample expression record,"fibromyalgia:P16 fetched and used individual processed expression, 189 samples nested in GSE221921"
GSM6909826,GEO GSM per-sample expression record,"fibromyalgia:P16 fetched and used individual processed expression, 189 samples nested in GSE221921"
GSM6909827,GEO GSM per-sample expression record,"fibromyalgia:P16 fetched and used individual processed expression, 189 samples nested in GSE221921"
GSM6909828,GEO GSM per-sample expression record,"fibromyalgia:P16 fetched and used individual processed expression, 189 samples nested in GSE221921"
GSM6909829,GEO GSM per-sample expression record,"fibromyalgia:P16 fetched and used individual processed expression, 189 samples nested in GSE221921"
GSM6909830,GEO GSM per-sample expression record,"fibromyalgia:P16 fetched and used individual processed expression, 189 samples nested in GSE221921"
GSM6909831,GEO GSM per-sample expression record,"fibromyalgia:P16 fetched and used individual processed expression, 189 samples nested in GSE221921"
GSM6909832,GEO GSM per-sample expression record,"fibromyalgia:P16 fetched and used individual processed expression, 189 samples nested in GSE221921"
GSM6909833,GEO GSM per-sample expression record,"fibromyalgia:P16 fetched and used individual processed expression, 189 samples nested in GSE221921"
GSM6909834,GEO GSM per-sample expression record,"fibromyalgia:P16 fetched and used individual processed expression, 189 samples nested in GSE221921"
GSM6909835,GEO GSM per-sample expression record,"fibromyalgia:P16 fetched and used individual processed expression, 189 samples nested in GSE221921"
GSM6909836,GEO GSM per-sample expression record,"fibromyalgia:P16 fetched and used individual processed expression, 189 samples nested in GSE221921"
GSM6909837,GEO GSM per-sample expression record,"fibromyalgia:P16 fetched and used individual processed expression, 189 samples nested in GSE221921"
GSM6909838,GEO GSM per-sample expression record,"fibromyalgia:P16 fetched and used individual processed expression, 189 samples nested in GSE221921"
GSM6909839,GEO GSM per-sample expression record,"fibromyalgia:P16 fetched and used individual processed expression, 189 samples nested in GSE221921"
GSM6909840,GEO GSM per-sample expression record,"fibromyalgia:P16 fetched and used individual processed expression, 189 samples nested in GSE221921"
GSM6909841,GEO GSM per-sample expression record,"fibromyalgia:P16 fetched and used individual processed expression, 189 samples nested in GSE221921"
GSM6909842,GEO GSM per-sample expression record,"fibromyalgia:P16 fetched and used individual processed expression, 189 samples nested in GSE221921"
GSM6909843,GEO GSM per-sample expression record,"fibromyalgia:P16 fetched and used individual processed expression, 189 samples nested in GSE221921"
GSM6909844,GEO GSM per-sample expression record,"fibromyalgia:P16 fetched and used individual processed expression, 189 samples nested in GSE221921"
GSM6909845,GEO GSM per-sample expression record,"fibromyalgia:P16 fetched and used individual processed expression, 189 samples nested in GSE221921"
GSM6909846,GEO GSM per-sample expression record,"fibromyalgia:P16 fetched and used individual processed expression, 189 samples nested in GSE221921"
GSM6909847,GEO GSM per-sample expression record,"fibromyalgia:P16 fetched and used individual processed expression, 189 samples nested in GSE221921"
GSM6909848,GEO GSM per-sample expression record,"fibromyalgia:P16 fetched and used individual processed expression, 189 samples nested in GSE221921"
GSM6909849,GEO GSM per-sample expression record,"fibromyalgia:P16 fetched and used individual processed expression, 189 samples nested in GSE221921"
GSM6909850,GEO GSM per-sample expression record,"fibromyalgia:P16 fetched and used individual processed expression, 189 samples nested in GSE221921"
GSM6909851,GEO GSM per-sample expression record,"fibromyalgia:P16 fetched and used individual processed expression, 189 samples nested in GSE221921"
GSM6909852,GEO GSM per-sample expression record,"fibromyalgia:P16 fetched and used individual processed expression, 189 samples nested in GSE221921"
GSM6909853,GEO GSM per-sample expression record,"fibromyalgia:P16 fetched and used individual processed expression, 189 samples nested in GSE221921"
GSM6909854,GEO GSM per-sample expression record,"fibromyalgia:P16 fetched and used individual processed expression, 189 samples nested in GSE221921"
GSM6909855,GEO GSM per-sample expression record,"fibromyalgia:P16 fetched and used individual processed expression, 189 samples nested in GSE221921"
GSM6909856,GEO GSM per-sample expression record,"fibromyalgia:P16 fetched and used individual processed expression, 189 samples nested in GSE221921"
GSM6909857,GEO GSM per-sample expression record,"fibromyalgia:P16 fetched and used individual processed expression, 189 samples nested in GSE221921"
GSM6909858,GEO GSM per-sample expression record,"fibromyalgia:P16 fetched and used individual processed expression, 189 samples nested in GSE221921"
GSM6909859,GEO GSM per-sample expression record,"fibromyalgia:P16 fetched and used individual processed expression, 189 samples nested in GSE221921"
GSM6909860,GEO GSM per-sample expression record,"fibromyalgia:P16 fetched and used individual processed expression, 189 samples nested in GSE221921"
GSM6909861,GEO GSM per-sample expression record,"fibromyalgia:P16 fetched and used individual processed expression, 189 samples nested in GSE221921"
GSM6909862,GEO GSM per-sample expression record,"fibromyalgia:P16 fetched and used individual processed expression, 189 samples nested in GSE221921"
GSM6909863,GEO GSM per-sample expression record,"fibromyalgia:P16 fetched and used individual processed expression, 189 samples nested in GSE221921"
GSM6909864,GEO GSM per-sample expression record,"fibromyalgia:P16 fetched and used individual processed expression, 189 samples nested in GSE221921"
GSM6909865,GEO GSM per-sample expression record,"fibromyalgia:P16 fetched and used individual processed expression, 189 samples nested in GSE221921"
GSM6909866,GEO GSM per-sample expression record,"fibromyalgia:P16 fetched and used individual processed expression, 189 samples nested in GSE221921"
GSM6909867,GEO GSM per-sample expression record,"fibromyalgia:P16 fetched and used individual processed expression, 189 samples nested in GSE221921"
GSM6909868,GEO GSM per-sample expression record,"fibromyalgia:P16 fetched and used individual processed expression, 189 samples nested in GSE221921"
GSM6909869,GEO GSM per-sample expression record,"fibromyalgia:P16 fetched and used individual processed expression, 189 samples nested in GSE221921"
GSM6909870,GEO GSM per-sample expression record,"fibromyalgia:P16 fetched and used individual processed expression, 189 samples nested in GSE221921"
GSM6909871,GEO GSM per-sample expression record,"fibromyalgia:P16 fetched and used individual processed expression, 189 samples nested in GSE221921"
GSM6909872,GEO GSM per-sample expression record,"fibromyalgia:P16 fetched and used individual processed expression, 189 samples nested in GSE221921"
GSM6909873,GEO GSM per-sample expression record,"fibromyalgia:P16 fetched and used individual processed expression, 189 samples nested in GSE221921"
GSM6909874,GEO GSM per-sample expression record,"fibromyalgia:P16 fetched and used individual processed expression, 189 samples nested in GSE221921"
GSM6909875,GEO GSM per-sample expression record,"fibromyalgia:P16 fetched and used individual processed expression, 189 samples nested in GSE221921"
GSM6909876,GEO GSM per-sample expression record,"fibromyalgia:P16 fetched and used individual processed expression, 189 samples nested in GSE221921"
GSM6909877,GEO GSM per-sample expression record,"fibromyalgia:P16 fetched and used individual processed expression, 189 samples nested in GSE221921"
GSM6909878,GEO GSM per-sample expression record,"fibromyalgia:P16 fetched and used individual processed expression, 189 samples nested in GSE221921"
GSM6909879,GEO GSM per-sample expression record,"fibromyalgia:P16 fetched and used individual processed expression, 189 samples nested in GSE221921"
GSM6909880,GEO GSM per-sample expression record,"fibromyalgia:P16 fetched and used individual processed expression, 189 samples nested in GSE221921"
GSM6909881,GEO GSM per-sample expression record,"fibromyalgia:P16 fetched and used individual processed expression, 189 samples nested in GSE221921"
GSM6909882,GEO GSM per-sample expression record,"fibromyalgia:P16 fetched and used individual processed expression, 189 samples nested in GSE221921"
GSM6909883,GEO GSM per-sample expression record,"fibromyalgia:P16 fetched and used individual processed expression, 189 samples nested in GSE221921"
GSM6909884,GEO GSM per-sample expression record,"fibromyalgia:P16 fetched and used individual processed expression, 189 samples nested in GSE221921"
GSM6909885,GEO GSM per-sample expression record,"fibromyalgia:P16 fetched and used individual processed expression, 189 samples nested in GSE221921"
GSM6909886,GEO GSM per-sample expression record,"fibromyalgia:P16 fetched and used individual processed expression, 189 samples nested in GSE221921"
GSM6909887,GEO GSM per-sample expression record,"fibromyalgia:P16 fetched and used individual processed expression, 189 samples nested in GSE221921"
GSM6909888,GEO GSM per-sample expression record,"fibromyalgia:P16 fetched and used individual processed expression, 189 samples nested in GSE221921"
GSM6909889,GEO GSM per-sample expression record,"fibromyalgia:P16 fetched and used individual processed expression, 189 samples nested in GSE221921"
GSM6909890,GEO GSM per-sample expression record,"fibromyalgia:P16 fetched and used individual processed expression, 189 samples nested in GSE221921"
GSM6909891,GEO GSM per-sample expression record,"fibromyalgia:P16 fetched and used individual processed expression, 189 samples nested in GSE221921"
GSM6909892,GEO GSM per-sample expression record,"fibromyalgia:P16 fetched and used individual processed expression, 189 samples nested in GSE221921"
GSM6909893,GEO GSM per-sample expression record,"fibromyalgia:P16 fetched and used individual processed expression, 189 samples nested in GSE221921"
GSM6909894,GEO GSM per-sample expression record,"fibromyalgia:P16 fetched and used individual processed expression, 189 samples nested in GSE221921"
GSM6909895,GEO GSM per-sample expression record,"fibromyalgia:P16 fetched and used individual processed expression, 189 samples nested in GSE221921"
GSM6909896,GEO GSM per-sample expression record,"fibromyalgia:P16 fetched and used individual processed expression, 189 samples nested in GSE221921"
GSM6909897,GEO GSM per-sample expression record,"fibromyalgia:P16 fetched and used individual processed expression, 189 samples nested in GSE221921"
GSM6909898,GEO GSM per-sample expression record,"fibromyalgia:P16 fetched and used individual processed expression, 189 samples nested in GSE221921"
GSM6909899,GEO GSM per-sample expression record,"fibromyalgia:P16 fetched and used individual processed expression, 189 samples nested in GSE221921"
GSM6909900,GEO GSM per-sample expression record,"fibromyalgia:P16 fetched and used individual processed expression, 189 samples nested in GSE221921"
GSM6909901,GEO GSM per-sample expression record,"fibromyalgia:P16 fetched and used individual processed expression, 189 samples nested in GSE221921"
GSM6909902,GEO GSM per-sample expression record,"fibromyalgia:P16 fetched and used individual processed expression, 189 samples nested in GSE221921"
GSM6909903,GEO GSM per-sample expression record,"fibromyalgia:P16 fetched and used individual processed expression, 189 samples nested in GSE221921"
GSM6909904,GEO GSM per-sample expression record,"fibromyalgia:P16 fetched and used individual processed expression, 189 samples nested in GSE221921"
GSM6909905,GEO GSM per-sample expression record,"fibromyalgia:P16 fetched and used individual processed expression, 189 samples nested in GSE221921"
GSM6909906,GEO GSM per-sample expression record,"fibromyalgia:P16 fetched and used individual processed expression, 189 samples nested in GSE221921"
GSM6909907,GEO GSM per-sample expression record,"fibromyalgia:P16 fetched and used individual processed expression, 189 samples nested in GSE221921"
GSM6909908,GEO GSM per-sample expression record,"fibromyalgia:P16 fetched and used individual processed expression, 189 samples nested in GSE221921"
GSM6909909,GEO GSM per-sample expression record,"fibromyalgia:P16 fetched and used individual processed expression, 189 samples nested in GSE221921"
GSM6909910,GEO GSM per-sample expression record,"fibromyalgia:P16 fetched and used individual processed expression, 189 samples nested in GSE221921"
GSM6909911,GEO GSM per-sample expression record,"fibromyalgia:P16 fetched and used individual processed expression, 189 samples nested in GSE221921"
GSM6909912,GEO GSM per-sample expression record,"fibromyalgia:P16 fetched and used individual processed expression, 189 samples nested in GSE221921"
GSM6909913,GEO GSM per-sample expression record,"fibromyalgia:P16 fetched and used individual processed expression, 189 samples nested in GSE221921"
GSM6909914,GEO GSM per-sample expression record,"fibromyalgia:P16 fetched and used individual processed expression, 189 samples nested in GSE221921"
GSM6909915,GEO GSM per-sample expression record,"fibromyalgia:P16 fetched and used individual processed expression, 189 samples nested in GSE221921"
GSM6909916,GEO GSM per-sample expression record,"fibromyalgia:P16 fetched and used individual processed expression, 189 samples nested in GSE221921"
GSM6909917,GEO GSM per-sample expression record,"fibromyalgia:P16 fetched and used individual processed expression, 189 samples nested in GSE221921"
GSM6909918,GEO GSM per-sample expression record,"fibromyalgia:P16 fetched and used individual processed expression, 189 samples nested in GSE221921"
GSM6909919,GEO GSM per-sample expression record,"fibromyalgia:P16 fetched and used individual processed expression, 189 samples nested in GSE221921"
GSM6909920,GEO GSM per-sample expression record,"fibromyalgia:P16 fetched and used individual processed expression, 189 samples nested in GSE221921"
GSM6909921,GEO GSM per-sample expression record,"fibromyalgia:P16 fetched and used individual processed expression, 189 samples nested in GSE221921"
GSM6909922,GEO GSM per-sample expression record,"fibromyalgia:P16 fetched and used individual processed expression, 189 samples nested in GSE221921"
GSM6909923,GEO GSM per-sample expression record,"fibromyalgia:P16 fetched and used individual processed expression, 189 samples nested in GSE221921"
GSM6909924,GEO GSM per-sample expression record,"fibromyalgia:P16 fetched and used individual processed expression, 189 samples nested in GSE221921"
GSM6909925,GEO GSM per-sample expression record,"fibromyalgia:P16 fetched and used individual processed expression, 189 samples nested in GSE221921"
GSM6909926,GEO GSM per-sample expression record,"fibromyalgia:P16 fetched and used individual processed expression, 189 samples nested in GSE221921"
GSM6909927,GEO GSM per-sample expression record,"fibromyalgia:P16 fetched and used individual processed expression, 189 samples nested in GSE221921"
GSM6909928,GEO GSM per-sample expression record,"fibromyalgia:P16 fetched and used individual processed expression, 189 samples nested in GSE221921"
GSM6909929,GEO GSM per-sample expression record,"fibromyalgia:P16 fetched and used individual processed expression, 189 samples nested in GSE221921"
GSM6909930,GEO GSM per-sample expression record,"fibromyalgia:P16 fetched and used individual processed expression, 189 samples nested in GSE221921"
GSM6909931,GEO GSM per-sample expression record,"fibromyalgia:P16 fetched and used individual processed expression, 189 samples nested in GSE221921"
GSM6909932,GEO GSM per-sample expression record,"fibromyalgia:P16 fetched and used individual processed expression, 189 samples nested in GSE221921"
GSM6909933,GEO GSM per-sample expression record,"fibromyalgia:P16 fetched and used individual processed expression, 189 samples nested in GSE221921"
GSM6909934,GEO GSM per-sample expression record,"fibromyalgia:P16 fetched and used individual processed expression, 189 samples nested in GSE221921"
GSM6909935,GEO GSM per-sample expression record,"fibromyalgia:P16 fetched and used individual processed expression, 189 samples nested in GSE221921"
GSM6909936,GEO GSM per-sample expression record,"fibromyalgia:P16 fetched and used individual processed expression, 189 samples nested in GSE221921"
GSM6909937,GEO GSM per-sample expression record,"fibromyalgia:P16 fetched and used individual processed expression, 189 samples nested in GSE221921"
GSM6909938,GEO GSM per-sample expression record,"fibromyalgia:P16 fetched and used individual processed expression, 189 samples nested in GSE221921"
GSM6909939,GEO GSM per-sample expression record,"fibromyalgia:P16 fetched and used individual processed expression, 189 samples nested in GSE221921"
GSM6909940,GEO GSM per-sample expression record,"fibromyalgia:P16 fetched and used individual processed expression, 189 samples nested in GSE221921"
GSM6909941,GEO GSM per-sample expression record,"fibromyalgia:P16 fetched and used individual processed expression, 189 samples nested in GSE221921"
GSM6909942,GEO GSM per-sample expression record,"fibromyalgia:P16 fetched and used individual processed expression, 189 samples nested in GSE221921"
GSM6909943,GEO GSM per-sample expression record,"fibromyalgia:P16 fetched and used individual processed expression, 189 samples nested in GSE221921"
GSM6909944,GEO GSM per-sample expression record,"fibromyalgia:P16 fetched and used individual processed expression, 189 samples nested in GSE221921"
MONDO_0005546,Open Targets disease associations,known genes fibromyalgia
GSE229750,GEO independently fetched series and exact raw count workbook,fibromyalgia:P43 neutrophils; five untreated FM and five controls; two repeats excluded
GSM7176058,GEO individually fetched GSM full-text record,"fibromyalgia:P43 fibromyalgia week 0 nested in GSE229750, 12 libraries from 10 people"
GSM7176059,GEO individually fetched GSM full-text record,"fibromyalgia:P43 fibromyalgia week 12 nested in GSE229750, 12 libraries from 10 people"
GSM7176060,GEO individually fetched GSM full-text record,"fibromyalgia:P43 fibromyalgia week 0 nested in GSE229750, 12 libraries from 10 people"
GSM7176061,GEO individually fetched GSM full-text record,"fibromyalgia:P43 fibromyalgia week 12 nested in GSE229750, 12 libraries from 10 people"
GSM7176062,GEO individually fetched GSM full-text record,"fibromyalgia:P43 fibromyalgia week 0 nested in GSE229750, 12 libraries from 10 people"
GSM7176063,GEO individually fetched GSM full-text record,"fibromyalgia:P43 fibromyalgia week 0 nested in GSE229750, 12 libraries from 10 people"
GSM7176065,GEO individually fetched GSM full-text record,"fibromyalgia:P43 fibromyalgia week 0 nested in GSE229750, 12 libraries from 10 people"
GSM7176066,GEO individually fetched GSM full-text record,"fibromyalgia:P43 healthy week 0 nested in GSE229750, 12 libraries from 10 people"
GSM7176067,GEO individually fetched GSM full-text record,"fibromyalgia:P43 healthy week 0 nested in GSE229750, 12 libraries from 10 people"
GSM7176068,GEO individually fetched GSM full-text record,"fibromyalgia:P43 healthy week 0 nested in GSE229750, 12 libraries from 10 people"
GSM7176070,GEO individually fetched GSM full-text record,"fibromyalgia:P43 healthy week 0 nested in GSE229750, 12 libraries from 10 people"
GSM7176071,GEO individually fetched GSM full-text record,"fibromyalgia:P43 healthy week 0 nested in GSE229750, 12 libraries from 10 people"
