title,gsm,biosample,sra,label,sex
Sample_268,GSM6909756,SAMN32494861,SRX18887706,Fibromylagia patient (FMA),Female
Sample_270,GSM6909757,SAMN32494860,SRX18887707,Fibromylagia patient (FMA),Male
Sample_272,GSM6909758,SAMN32494859,SRX18887708,Fibromylagia patient (FMA),Female
Sample_274,GSM6909759,SAMN32494858,SRX18887757,Fibromylagia patient (FMA),Female
Sample_278,GSM6909760,SAMN32494857,SRX18887758,Healthy patient (CONTROL),Male
Sample_282,GSM6909761,SAMN32494856,SRX18887759,Healthy patient (CONTROL),Female
Sample_284,GSM6909762,SAMN32494855,SRX18887760,Healthy patient (CONTROL),Female
Sample_286,GSM6909763,SAMN32494854,SRX18887761,Healthy patient (CONTROL),Male
Sample_288,GSM6909764,SAMN32494853,SRX18887762,Fibromylagia patient (FMA),Female
Sample_290,GSM6909765,SAMN32494852,SRX18887763,Fibromylagia patient (FMA),Female
Sample_292,GSM6909766,SAMN32494851,SRX18887764,Fibromylagia patient (FMA),Female
Sample_304,GSM6909767,SAMN32494850,SRX18887765,Fibromylagia patient (FMA),Female
Sample_306,GSM6909768,SAMN32494849,SRX18887766,Fibromylagia patient (FMA),Female
Sample_308,GSM6909769,SAMN32494848,SRX18887767,Fibromylagia patient (FMA),Female
Sample_310,GSM6909770,SAMN32494847,SRX18887768,Fibromylagia patient (FMA),Female
Sample_312,GSM6909771,SAMN32494846,SRX18887769,Healthy patient (CONTROL),Male
Sample_314,GSM6909772,SAMN32494845,SRX18887770,Healthy patient (CONTROL),Female
Sample_316,GSM6909773,SAMN32494844,SRX18887771,Healthy patient (CONTROL),Male
Sample_318,GSM6909774,SAMN32494843,SRX18887772,Healthy patient (CONTROL),Male
Sample_320,GSM6909775,SAMN32494842,SRX18887773,Healthy patient (CONTROL),Male
Sample_322,GSM6909776,SAMN32494841,SRX18887774,Healthy patient (CONTROL),Male
Sample_324,GSM6909777,SAMN32494840,SRX18887775,Healthy patient (CONTROL),Female
Sample_326,GSM6909778,SAMN32494839,SRX18887776,Healthy patient (CONTROL),Female
Sample_328,GSM6909779,SAMN32494838,SRX18887777,Healthy patient (CONTROL),Male
Sample_330,GSM6909780,SAMN32494837,SRX18887778,Healthy patient (CONTROL),Male
Sample_332,GSM6909781,SAMN32494836,SRX18887779,Healthy patient (CONTROL),Female
Sample_334,GSM6909782,SAMN32494835,SRX18887780,Healthy patient (CONTROL),Male
Sample_352,GSM6909783,SAMN32494834,SRX18887709,Healthy patient (CONTROL),Female
Sample_354,GSM6909784,SAMN32494833,SRX18887710,Healthy patient (CONTROL),Female
Sample_356,GSM6909785,SAMN32494832,SRX18887711,Healthy patient (CONTROL),Male
Sample_358,GSM6909786,SAMN32494831,SRX18887712,Healthy patient (CONTROL),Male
Sample_360,GSM6909787,SAMN32494830,SRX18887713,Healthy patient (CONTROL),Male
Sample_362,GSM6909788,SAMN32494829,SRX18887714,Fibromylagia patient (FMA),Female
Sample_364,GSM6909789,SAMN32494828,SRX18887715,Fibromylagia patient (FMA),Female
Sample_366,GSM6909790,SAMN32494827,SRX18887716,Fibromylagia patient (FMA),Female
Sample_368,GSM6909791,SAMN32494826,SRX18887717,Fibromylagia patient (FMA),Female
Sample_370,GSM6909792,SAMN32494825,SRX18887718,Healthy patient (CONTROL),Male
Sample_372,GSM6909793,SAMN32494824,SRX18887719,Healthy patient (CONTROL),Male
Sample_374,GSM6909794,SAMN32494823,SRX18887720,Healthy patient (CONTROL),Male
Sample_376,GSM6909795,SAMN32494822,SRX18887721,Healthy patient (CONTROL),Male
Sample_378,GSM6909796,SAMN32494821,SRX18887722,Healthy patient (CONTROL),Female
Sample_380,GSM6909797,SAMN32494820,SRX18887723,Healthy patient (CONTROL),Female
Sample_382,GSM6909798,SAMN32494819,SRX18887724,Healthy patient (CONTROL),Female
Sample_389,GSM6909799,SAMN32494818,SRX18887725,Healthy patient (CONTROL),Female
Sample_391,GSM6909800,SAMN32494817,SRX18887726,Fibromylagia patient (FMA),Female
Sample_393,GSM6909801,SAMN32494816,SRX18887727,Fibromylagia patient (FMA),Female
Sample_395,GSM6909802,SAMN32494815,SRX18887728,Fibromylagia patient (FMA),Female
Sample_397,GSM6909803,SAMN32494814,SRX18887729,Healthy patient (CONTROL),Female
Sample_399,GSM6909804,SAMN32494813,SRX18887730,Healthy patient (CONTROL),Male
Sample_401,GSM6909805,SAMN32494812,SRX18887731,Healthy patient (CONTROL),Male
Sample_403,GSM6909806,SAMN32494811,SRX18887732,Healthy patient (CONTROL),Female
Sample_405,GSM6909807,SAMN32494810,SRX18887823,Fibromylagia patient (FMA),Female
Sample_407,GSM6909808,SAMN32494809,SRX18887824,Fibromylagia patient (FMA),Female
Sample_409,GSM6909809,SAMN32494808,SRX18887825,Healthy patient (CONTROL),Female
Sample_411,GSM6909810,SAMN32494807,SRX18887826,Healthy patient (CONTROL),Male
Sample_413,GSM6909811,SAMN32494806,SRX18887827,Healthy patient (CONTROL),Female
Sample_415,GSM6909812,SAMN32494805,SRX18887828,Healthy patient (CONTROL),Male
Sample_417,GSM6909813,SAMN32494804,SRX18887829,Healthy patient (CONTROL),Male
Sample_419,GSM6909814,SAMN32494803,SRX18887830,Healthy patient (CONTROL),Male
Sample_421,GSM6909815,SAMN32494802,SRX18887831,Healthy patient (CONTROL),Male
Sample_423,GSM6909816,SAMN32494801,SRX18887832,Healthy patient (CONTROL),Male
Sample_425,GSM6909817,SAMN32494800,SRX18887833,Fibromylagia patient (FMA),Female
Sample_427,GSM6909818,SAMN32494799,SRX18887834,Fibromylagia patient (FMA),Female
Sample_429,GSM6909819,SAMN32494798,SRX18887835,Healthy patient (CONTROL),Female
Sample_431,GSM6909820,SAMN32494797,SRX18887836,Healthy patient (CONTROL),Male
Sample_433,GSM6909821,SAMN32494796,SRX18887837,Healthy patient (CONTROL),Male
Sample_435,GSM6909822,SAMN32494795,SRX18887838,Healthy patient (CONTROL),Female
Sample_437,GSM6909823,SAMN32494794,SRX18887839,Healthy patient (CONTROL),Female
Sample_439,GSM6909824,SAMN32494793,SRX18887840,Healthy patient (CONTROL),Male
Sample_441,GSM6909825,SAMN32494792,SRX18887841,Healthy patient (CONTROL),Female
Sample_443,GSM6909826,SAMN32494791,SRX18887842,Healthy patient (CONTROL),Male
Sample_445,GSM6909827,SAMN32494790,SRX18887843,Healthy patient (CONTROL),Female
Sample_447,GSM6909828,SAMN32494789,SRX18887844,Fibromylagia patient (FMA),Female
Sample_449,GSM6909829,SAMN32494788,SRX18887845,Fibromylagia patient (FMA),Female
Sample_451,GSM6909830,SAMN32494787,SRX18887846,Healthy patient (CONTROL),Male
Sample_453,GSM6909831,SAMN32494786,SRX18887847,Healthy patient (CONTROL),Female
Sample_455,GSM6909832,SAMN32494785,SRX18887848,Healthy patient (CONTROL),Female
Sample_457,GSM6909833,SAMN32494784,SRX18887849,Healthy patient (CONTROL),Male
Sample_459,GSM6909834,SAMN32494783,SRX18887850,Healthy patient (CONTROL),Male
Sample_461,GSM6909835,SAMN32494782,SRX18887851,Healthy patient (CONTROL),Female
Sample_463,GSM6909836,SAMN32494781,SRX18887852,Healthy patient (CONTROL),Male
Sample_465,GSM6909837,SAMN32494780,SRX18887853,Healthy patient (CONTROL),Female
Sample_467,GSM6909838,SAMN32494779,SRX18887854,Healthy patient (CONTROL),Female
Sample_469,GSM6909839,SAMN32494778,SRX18887855,Fibromylagia patient (FMA),Female
Sample_471,GSM6909840,SAMN32494777,SRX18887856,Fibromylagia patient (FMA),Female
Sample_473,GSM6909841,SAMN32494776,SRX18887857,Healthy patient (CONTROL),Male
Sample_475,GSM6909842,SAMN32494775,SRX18887858,Healthy patient (CONTROL),Female
Sample_477,GSM6909843,SAMN32494774,SRX18887859,Healthy patient (CONTROL),Male
Sample_479,GSM6909844,SAMN32494773,SRX18887860,Healthy patient (CONTROL),Female
Sample_481,GSM6909845,SAMN32494772,SRX18887861,Healthy patient (CONTROL),Male
Sample_483,GSM6909846,SAMN32494771,SRX18887862,Healthy patient (CONTROL),Male
Sample_485,GSM6909847,SAMN32494770,SRX18887863,Healthy patient (CONTROL),Male
Sample_487,GSM6909848,SAMN32494769,SRX18887864,Healthy patient (CONTROL),Male
Sample_489,GSM6909849,SAMN32494768,SRX18887865,Fibromylagia patient (FMA),Female
Sample_491,GSM6909850,SAMN32494767,SRX18887866,Healthy patient (CONTROL),Female
Sample_493,GSM6909851,SAMN32494766,SRX18887867,Healthy patient (CONTROL),Male
Sample_495,GSM6909852,SAMN32494765,SRX18887868,Healthy patient (CONTROL),Female
Sample_497,GSM6909853,SAMN32494764,SRX18887869,Healthy patient (CONTROL),Male
Sample_499,GSM6909854,SAMN32494763,SRX18887870,Healthy patient (CONTROL),Female
Sample_501,GSM6909855,SAMN32494762,SRX18887781,Healthy patient (CONTROL),Female
Sample_503,GSM6909856,SAMN32494761,SRX18887782,Healthy patient (CONTROL),Female
Sample_505,GSM6909857,SAMN32494760,SRX18887783,Healthy patient (CONTROL),Female
Sample_507,GSM6909858,SAMN32494759,SRX18887784,Healthy patient (CONTROL),Male
Sample_509,GSM6909859,SAMN32494758,SRX18887785,Healthy patient (CONTROL),Female
Sample_511,GSM6909860,SAMN32494757,SRX18887786,Healthy patient (CONTROL),Male
Sample_515,GSM6909861,SAMN32494756,SRX18887787,Fibromylagia patient (FMA),Male
Sample_517,GSM6909862,SAMN32494755,SRX18887788,Fibromylagia patient (FMA),Female
Sample_519,GSM6909863,SAMN32494754,SRX18887789,Fibromylagia patient (FMA),Female
Sample_521,GSM6909864,SAMN32494753,SRX18887790,Fibromylagia patient (FMA),Female
Sample_523,GSM6909865,SAMN32494752,SRX18887791,Healthy patient (CONTROL),Female
Sample_525,GSM6909866,SAMN32494751,SRX18887792,Healthy patient (CONTROL),Female
Sample_527,GSM6909867,SAMN32494750,SRX18887793,Healthy patient (CONTROL),Male
Sample_529,GSM6909868,SAMN32494749,SRX18887794,Healthy patient (CONTROL),Female
Sample_531,GSM6909869,SAMN32494748,SRX18887795,Healthy patient (CONTROL),Male
Sample_564,GSM6909870,SAMN32494747,SRX18887796,Fibromylagia patient (FMA),Female
Sample_566,GSM6909871,SAMN32494746,SRX18887797,Fibromylagia patient (FMA),Female
Sample_568,GSM6909872,SAMN32494745,SRX18887798,Fibromylagia patient (FMA),Female
Sample_570,GSM6909873,SAMN32494744,SRX18887799,Fibromylagia patient (FMA),Female
Sample_572,GSM6909874,SAMN32494743,SRX18887800,Fibromylagia patient (FMA),Female
Sample_574,GSM6909875,SAMN32494742,SRX18887801,Fibromylagia patient (FMA),Male
Sample_576,GSM6909876,SAMN32494741,SRX18887802,Fibromylagia patient (FMA),Female
Sample_578,GSM6909877,SAMN32494740,SRX18887803,Fibromylagia patient (FMA),Female
Sample_580,GSM6909878,SAMN32494739,SRX18887804,Fibromylagia patient (FMA),Female
Sample_582,GSM6909879,SAMN32494738,SRX18887733,Fibromylagia patient (FMA),Female
Sample_584,GSM6909880,SAMN32494737,SRX18887734,Fibromylagia patient (FMA),Female
Sample_586,GSM6909881,SAMN32494736,SRX18887735,Fibromylagia patient (FMA),Female
Sample_588,GSM6909882,SAMN32494735,SRX18887736,Fibromylagia patient (FMA),Female
Sample_590,GSM6909883,SAMN32494734,SRX18887737,Fibromylagia patient (FMA),Female
Sample_592,GSM6909884,SAMN32494733,SRX18887738,Fibromylagia patient (FMA),Female
Sample_594,GSM6909885,SAMN32494732,SRX18887739,Fibromylagia patient (FMA),Female
Sample_596,GSM6909886,SAMN32494731,SRX18887740,Fibromylagia patient (FMA),Female
Sample_598,GSM6909887,SAMN32494730,SRX18887741,Fibromylagia patient (FMA),Female
Sample_600,GSM6909888,SAMN32494729,SRX18887742,Fibromylagia patient (FMA),Female
Sample_602,GSM6909889,SAMN32494728,SRX18887743,Fibromylagia patient (FMA),Female
Sample_604,GSM6909890,SAMN32494727,SRX18887744,Fibromylagia patient (FMA),Female
Sample_606,GSM6909891,SAMN32494726,SRX18887745,Fibromylagia patient (FMA),Female
Sample_608,GSM6909892,SAMN32494725,SRX18887746,Fibromylagia patient (FMA),Female
Sample_610,GSM6909893,SAMN32494724,SRX18887747,Fibromylagia patient (FMA),Female
Sample_612,GSM6909894,SAMN32494723,SRX18887748,Healthy patient (CONTROL),Male
Sample_614,GSM6909895,SAMN32494722,SRX18887749,Fibromylagia patient (FMA),Female
Sample_616,GSM6909896,SAMN32494721,SRX18887750,Fibromylagia patient (FMA),Female
Sample_618,GSM6909897,SAMN32494720,SRX18887751,Fibromylagia patient (FMA),Female
Sample_620,GSM6909898,SAMN32494719,SRX18887752,Fibromylagia patient (FMA),Female
Sample_622,GSM6909899,SAMN32494718,SRX18887753,Fibromylagia patient (FMA),Female
Sample_624,GSM6909900,SAMN32494717,SRX18887754,Fibromylagia patient (FMA),Female
Sample_626,GSM6909901,SAMN32494716,SRX18887755,Fibromylagia patient (FMA),Female
Sample_628,GSM6909902,SAMN32494715,SRX18887756,Fibromylagia patient (FMA),Female
Sample_630,GSM6909903,SAMN32494714,SRX18887871,Fibromylagia patient (FMA),Female
Sample_632,GSM6909904,SAMN32494713,SRX18887872,Fibromylagia patient (FMA),Female
Sample_634,GSM6909905,SAMN32494712,SRX18887873,Fibromylagia patient (FMA),Female
Sample_636,GSM6909906,SAMN32494711,SRX18887874,Fibromylagia patient (FMA),Female
Sample_638,GSM6909907,SAMN32494710,SRX18887875,Fibromylagia patient (FMA),Female
Sample_640,GSM6909908,SAMN32494709,SRX18887876,Fibromylagia patient (FMA),Female
Sample_642,GSM6909909,SAMN32494708,SRX18887877,Fibromylagia patient (FMA),Female
Sample_644,GSM6909910,SAMN32494707,SRX18887878,Fibromylagia patient (FMA),Female
Sample_646,GSM6909911,SAMN32494706,SRX18887879,Fibromylagia patient (FMA),Female
Sample_648,GSM6909912,SAMN32494705,SRX18887880,Fibromylagia patient (FMA),Female
Sample_650,GSM6909913,SAMN32494704,SRX18887881,Fibromylagia patient (FMA),Female
Sample_652,GSM6909914,SAMN32494703,SRX18887882,Fibromylagia patient (FMA),Male
Sample_654,GSM6909915,SAMN32494702,SRX18887883,Fibromylagia patient (FMA),Female
Sample_656,GSM6909916,SAMN32494701,SRX18887884,Fibromylagia patient (FMA),Female
Sample_658,GSM6909917,SAMN32494700,SRX18887885,Fibromylagia patient (FMA),Female
Sample_691,GSM6909918,SAMN32494699,SRX18887886,Fibromylagia patient (FMA),Female
Sample_693,GSM6909919,SAMN32494698,SRX18887887,Fibromylagia patient (FMA),Female
Sample_695,GSM6909920,SAMN32494697,SRX18887888,Fibromylagia patient (FMA),Female
Sample_697,GSM6909921,SAMN32494696,SRX18887889,Fibromylagia patient (FMA),Female
Sample_699,GSM6909922,SAMN32494695,SRX18887890,Healthy patient (CONTROL),Female
Sample_701,GSM6909923,SAMN32494694,SRX18887891,Fibromylagia patient (FMA),Female
Sample_703,GSM6909924,SAMN32494693,SRX18887892,Fibromylagia patient (FMA),Female
Sample_705,GSM6909925,SAMN32494692,SRX18887893,Fibromylagia patient (FMA),Female
Sample_707,GSM6909926,SAMN32494691,SRX18887894,Fibromylagia patient (FMA),Female
Sample_709,GSM6909927,SAMN32494690,SRX18887805,Fibromylagia patient (FMA),Female
Sample_711,GSM6909928,SAMN32494689,SRX18887806,Fibromylagia patient (FMA),Female
Sample_713,GSM6909929,SAMN32494688,SRX18887807,Fibromylagia patient (FMA),Female
Sample_715,GSM6909930,SAMN32494687,SRX18887808,Fibromylagia patient (FMA),Female
Sample_936,GSM6909931,SAMN32494686,SRX18887809,Healthy patient (CONTROL),Male
Sample_938,GSM6909932,SAMN32494685,SRX18887810,Healthy patient (CONTROL),Male
Sample_940,GSM6909933,SAMN32494684,SRX18887811,Healthy patient (CONTROL),Male
Sample_942,GSM6909934,SAMN32494683,SRX18887812,Healthy patient (CONTROL),Male
Sample_944,GSM6909935,SAMN32494682,SRX18887813,Fibromylagia patient (FMA),Female
Sample_950,GSM6909936,SAMN32494681,SRX18887814,Fibromylagia patient (FMA),Female
Sample_986,GSM6909937,SAMN32494680,SRX18887815,Fibromylagia patient (FMA),Female
Sample_988,GSM6909938,SAMN32494679,SRX18887816,Fibromylagia patient (FMA),Female
Sample_990,GSM6909939,SAMN32494678,SRX18887817,Healthy patient (CONTROL),Male
Sample_992,GSM6909940,SAMN32494677,SRX18887818,Healthy patient (CONTROL),Female
Sample_994,GSM6909941,SAMN32494676,SRX18887819,Healthy patient (CONTROL),Male
Sample_996,GSM6909942,SAMN32494675,SRX18887820,Fibromylagia patient (FMA),Male
Sample_998,GSM6909943,SAMN32494674,SRX18887821,Fibromylagia patient (FMA),Female
Sample_1000,GSM6909944,SAMN32494673,SRX18887822,Healthy patient (CONTROL),Female
